{
    "metrics": {
        "iterations": {
            "count": 571468,
            "rate": 1904.8697588874322
        },
        "http_req_blocked": {
            "min": 0.000561,
            "med": 0.000862,
            "max": 164.61841,
            "p(90)": 0.001233,
            "p(95)": 0.001553,
            "avg": 0.012805791522883737
        },
        "vus": {
            "value": 250,
            "min": 250,
            "max": 250
        },
        "http_req_duration": {
            "min": 1.130944,
            "med": 130.360935,
            "max": 381.868971,
            "p(90)": 133.5468109,
            "p(95)": 136.93168885,
            "avg": 131.10640240182238
        },
        "http_req_sending": {
            "p(95)": 0.006242,
            "avg": 0.011898349699371895,
            "min": 0.003356,
            "med": 0.004509,
            "max": 166.58458,
            "p(90)": 0.00569
        },
        "http_req_waiting": {
            "p(95)": 136.891767,
            "avg": 131.0607102371971,
            "min": 1.106047,
            "med": 130.3227015,
            "max": 381.772915,
            "p(90)": 133.4970348
        },
        "data_sent": {
            "count": 45165643,
            "rate": 150550.28014063052
        },
        "http_req_tls_handshaking": {
            "med": 0,
            "max": 0,
            "p(90)": 0,
            "p(95)": 0,
            "avg": 0,
            "min": 0
        },
        "iteration_duration": {
            "min": 1.177401,
            "med": 130.410848,
            "max": 382.421287,
            "p(90)": 133.608117,
            "p(95)": 136.98152005,
            "avg": 131.16964076147858
        },
        "http_req_failed": {
            "passes": 0,
            "fails": 571468,
            "value": 0
        },
        "data_received": {
            "count": 230873072,
            "rate": 769567.3825905226
        },
        "checks": {
            "passes": 571468,
            "fails": 0,
            "value": 1
        },
        "http_req_connecting": {
            "avg": 0.010051666922732337,
            "min": 0,
            "med": 0,
            "max": 164.422823,
            "p(90)": 0,
            "p(95)": 0
        },
        "http_req_receiving": {
            "p(90)": 0.040486,
            "p(95)": 0.043101,
            "avg": 0.0337938149310198,
            "min": 0.011381,
            "med": 0.033282,
            "max": 101.44088
        },
        "vus_max": {
            "min": 250,
            "max": 250,
            "value": 250
        },
        "http_reqs": {
            "count": 571468,
            "rate": 1904.8697588874322
        },
        "http_req_duration{expected_response:true}": {
            "min": 1.130944,
            "med": 130.360935,
            "max": 381.868971,
            "p(90)": 133.5468109,
            "p(95)": 136.93168885,
            "avg": 131.10640240182238
        }
    },
    "root_group": {
        "name": "",
        "path": "",
        "id": "d41d8cd98f00b204e9800998ecf8427e",
        "groups": {},
        "checks": {
                "http://0.0.0.0:80/get": {
                    "id": "adaf277edf61b8d2f264c94471775f7c",
                    "passes": 571468,
                    "fails": 0,
                    "name": "http://0.0.0.0:80/get",
                    "path": "::http://0.0.0.0:80/get"
                }
            }
    }
}