{
    "metrics": {
        "http_req_sending": {
            "p(90)": 0,
            "p(95)": 0,
            "avg": 0.008215555699770087,
            "min": 0,
            "med": 0,
            "max": 7.0902
        },
        "checks": {
            "passes": 107864,
            "fails": 0,
            "value": 1
        },
        "data_received": {
            "count": 1869510361,
            "rate": 6231623.52614608
        },
        "http_req_receiving": {
            "p(90)": 2.6817,
            "p(95)": 2.9979,
            "avg": 2.1979505043388134,
            "min": 0,
            "med": 2.1317,
            "max": 21.2879
        },
        "http_req_failed": {
            "fails": 107864,
            "passes": 0,
            "value": 0
        },
        "iteration_duration": {
            "med": 694.69285,
            "max": 1957.3414,
            "p(90)": 715.75002,
            "p(95)": 722.216355,
            "avg": 694.5040356467456,
            "min": 5.8064
        },
        "http_reqs": {
            "count": 107864,
            "rate": 359.54218497333096
        },
        "http_req_blocked": {
            "avg": 0.14787087999703338,
            "min": 0,
            "med": 0,
            "max": 506.9121,
            "p(90)": 0,
            "p(95)": 0
        },
        "http_req_tls_handshaking": {
            "p(95)": 0,
            "avg": 0,
            "min": 0,
            "med": 0,
            "max": 0,
            "p(90)": 0
        },
        "iterations": {
            "count": 107864,
            "rate": 359.54218497333096
        },
        "vus": {
            "value": 250,
            "min": 250,
            "max": 250
        },
        "data_sent": {
            "count": 9297804,
            "rate": 30992.293681059266
        },
        "http_req_waiting": {
            "avg": 692.0923993945966,
            "min": 2.8115,
            "med": 692.4135,
            "max": 1868.1315,
            "p(90)": 713.42103,
            "p(95)": 719.855155
        },
        "http_req_connecting": {
            "p(95)": 0,
            "avg": 0.14667343970184676,
            "min": 0,
            "med": 0,
            "max": 506.9121,
            "p(90)": 0
        },
        "http_req_duration": {
            "p(90)": 715.6849,
            "p(95)": 722.175955,
            "avg": 694.298565454652,
            "min": 5.3331,
            "med": 694.6239499999999,
            "max": 1870.2746
        },
        "http_req_duration{expected_response:true}": {
            "med": 694.6239499999999,
            "max": 1870.2746,
            "p(90)": 715.6849,
            "p(95)": 722.175955,
            "avg": 694.298565454652,
            "min": 5.3331
        },
        "vus_max": {
            "value": 250,
            "min": 250,
            "max": 250
        }
    },
    "root_group": {
        "path": "",
        "id": "d41d8cd98f00b204e9800998ecf8427e",
        "groups": {},
        "checks": {
                "http://0.0.0.0:80/stream/100": {
                    "id": "bbf958e5321ec64d43d974c85bfac28e",
                    "passes": 107864,
                    "fails": 0,
                    "name": "http://0.0.0.0:80/stream/100",
                    "path": "::http://0.0.0.0:80/stream/100"
                }
            },
        "name": ""
    }
}