{
    "metrics": {
        "http_req_sending": {
            "p(90)": 0.006092,
            "p(95)": 0.006543,
            "avg": 0.00641740786072533,
            "min": 0.003947,
            "med": 0.00534,
            "max": 2.084364
        },
        "iterations": {
            "count": 111033,
            "rate": 370.1065491968555
        },
        "http_req_connecting": {
            "med": 0,
            "max": 57.89676,
            "p(90)": 0,
            "p(95)": 0,
            "avg": 0.03105282889771508,
            "min": 0
        },
        "http_req_waiting": {
            "avg": 672.3247628523395,
            "min": 2.969572,
            "med": 672.69207,
            "max": 2106.815486,
            "p(90)": 687.7417742,
            "p(95)": 692.5873636
        },
        "data_sent": {
            "count": 9570338,
            "rate": 31900.829229396088
        },
        "http_req_duration{expected_response:true}": {
            "med": 674.868938,
            "max": 2109.421997,
            "p(90)": 689.974722,
            "p(95)": 694.8430528,
            "avg": 674.5033840301595,
            "min": 5.247101
        },
        "vus_max": {
            "value": 250,
            "min": 250,
            "max": 250
        },
        "data_received": {
            "count": 1924441288,
            "rate": 6414744.48347457
        },
        "iteration_duration": {
            "min": 5.30003,
            "med": 674.929383,
            "max": 2208.461408,
            "p(90)": 690.0359958,
            "p(95)": 694.9009877999999,
            "avg": 674.6832553181488
        },
        "vus": {
            "value": 250,
            "min": 250,
            "max": 250
        },
        "http_req_duration": {
            "avg": 674.5033840301595,
            "min": 5.247101,
            "med": 674.868938,
            "max": 2109.421997,
            "p(90)": 689.974722,
            "p(95)": 694.8430528
        },
        "http_req_blocked": {
            "avg": 0.11996818013566023,
            "min": 0.000711,
            "med": 0.000952,
            "max": 107.54448,
            "p(90)": 0.001172,
            "p(95)": 0.001463
        },
        "http_req_tls_handshaking": {
            "avg": 0,
            "min": 0,
            "med": 0,
            "max": 0,
            "p(90)": 0,
            "p(95)": 0
        },
        "http_req_failed": {
            "passes": 0,
            "fails": 111033,
            "value": 0
        },
        "http_reqs": {
            "count": 111033,
            "rate": 370.1065491968555
        },
        "http_req_receiving": {
            "med": 2.164615,
            "max": 57.712455,
            "p(90)": 2.3310004,
            "p(95)": 2.382624,
            "avg": 2.1722037699602916,
            "min": 0.032892
        },
        "checks": {
            "passes": 111033,
            "fails": 0,
            "value": 1
        }
    },
    "root_group": {
        "name": "",
        "path": "",
        "id": "d41d8cd98f00b204e9800998ecf8427e",
        "groups": {},
        "checks": {
                "http://0.0.0.0:80/stream/100": {
                    "passes": 111033,
                    "fails": 0,
                    "name": "http://0.0.0.0:80/stream/100",
                    "path": "::http://0.0.0.0:80/stream/100",
                    "id": "bbf958e5321ec64d43d974c85bfac28e"
                }
            }
    }
}