{
    "metrics": {
        "http_req_failed": {
            "passes": 0,
            "fails": 110820,
            "value": 0
        },
        "http_req_sending": {
            "min": 0.004068,
            "med": 0.00537,
            "max": 147.924689,
            "p(90)": 0.006152,
            "p(95)": 0.006622,
            "avg": 0.017974575302294377
        },
        "http_req_duration": {
            "avg": 1349.6896919804199,
            "min": 5.292885,
            "med": 1352.211878,
            "max": 7784.537809,
            "p(90)": 1379.0463221,
            "p(95)": 1384.54150005
        },
        "http_req_receiving": {
            "avg": 2.1759536808608915,
            "min": 0.027772,
            "med": 2.1692525,
            "max": 64.909518,
            "p(90)": 2.3368473,
            "p(95)": 2.3869411
        },
        "http_reqs": {
            "count": 110820,
            "rate": 369.39491886453516
        },
        "http_req_duration{expected_response:true}": {
            "avg": 1349.6896919804199,
            "min": 5.292885,
            "med": 1352.211878,
            "max": 7784.537809,
            "p(90)": 1379.0463221,
            "p(95)": 1384.54150005
        },
        "http_req_blocked": {
            "p(95)": 0.001572,
            "avg": 0.0642215802291964,
            "min": 0.000621,
            "med": 0.000952,
            "max": 81.268474,
            "p(90)": 0.001183
        },
        "http_req_tls_handshaking": {
            "med": 0,
            "max": 0,
            "p(90)": 0,
            "p(95)": 0,
            "avg": 0,
            "min": 0
        },
        "iterations": {
            "count": 110820,
            "rate": 369.39491886453516
        },
        "vus": {
            "value": 500,
            "min": 500,
            "max": 500
        },
        "vus_max": {
            "value": 500,
            "min": 500,
            "max": 500
        },
        "http_req_connecting": {
            "p(90)": 0,
            "p(95)": 0,
            "avg": 0.06238531464537083,
            "min": 0,
            "med": 0,
            "max": 80.851352
        },
        "http_req_waiting": {
            "med": 1350.02674,
            "max": 7782.057205,
            "p(90)": 1376.8348389,
            "p(95)": 1382.31530765,
            "avg": 1347.4957637242546,
            "min": 3.227021
        },
        "iteration_duration": {
            "med": 1352.2734275,
            "max": 7791.078401,
            "p(90)": 1379.1056872,
            "p(95)": 1384.5987718,
            "avg": 1349.816356508424,
            "min": 5.351885
        },
        "data_sent": {
            "count": 9573520,
            "rate": 31911.29438411843
        },
        "data_received": {
            "rate": 6402399.659781309,
            "count": 1920746318
        },
        "checks": {
            "passes": 110820,
            "fails": 0,
            "value": 1
        }
    },
    "root_group": {
        "checks": {
            "http://0.0.0.0:80/stream/100": {
                "passes": 110820,
                "fails": 0,
                "name": "http://0.0.0.0:80/stream/100",
                "path": "::http://0.0.0.0:80/stream/100",
                "id": "bbf958e5321ec64d43d974c85bfac28e"
            }
        },
        "name": "",
        "path": "",
        "id": "d41d8cd98f00b204e9800998ecf8427e",
        "groups": {}
    }
}