{
    "metrics": {
        "http_req_failed": {
            "passes": 0,
            "fails": 2880,
            "value": 0
        },
        "http_req_waiting": {
            "avg": 5.769099627777775,
            "min": 0.933703,
            "med": 5.6687484999999995,
            "max": 14.667376,
            "p(90)": 10.077214,
            "p(95)": 10.6965909
        },
        "data_received": {
            "rate": 50610.443587953894,
            "count": 15183192
        },
        "http_req_duration{expected_response:true}": {
            "max": 3429.969136,
            "p(90)": 3374.5481542,
            "p(95)": 3396.840154,
            "avg": 3313.4127199388854,
            "min": 3019.910823,
            "med": 3320.516506
        },
        "http_req_receiving": {
            "max": 3428.109798,
            "p(90)": 3369.1291112,
            "p(95)": 3389.16287805,
            "avg": 3307.633256171185,
            "min": 3008.647989,
            "med": 3314.5263484999996
        },
        "vus_max": {
            "value": 32,
            "min": 32,
            "max": 32
        },
        "http_req_blocked": {
            "avg": 0.0036487996527777605,
            "min": 0.000561,
            "med": 0.001172,
            "max": 0.617211,
            "p(90)": 0.001953,
            "p(95)": 0.0024040499999999996
        },
        "http_req_duration": {
            "avg": 3313.4127199388854,
            "min": 3019.910823,
            "med": 3320.516506,
            "max": 3429.969136,
            "p(90)": 3374.5481542,
            "p(95)": 3396.840154
        },
        "vus": {
            "value": 32,
            "min": 32,
            "max": 32
        },
        "iteration_duration": {
            "min": 3020.021815,
            "med": 3320.5726775000003,
            "max": 3430.029009,
            "p(90)": 3374.6061601,
            "p(95)": 3396.894065,
            "avg": 3313.486611104854
        },
        "checks": {
            "passes": 2880,
            "fails": 0,
            "value": 1
        },
        "http_req_connecting": {
            "avg": 0.0009878909722222222,
            "min": 0,
            "med": 0,
            "max": 0.186919,
            "p(90)": 0,
            "p(95)": 0
        },
        "http_req_sending": {
            "max": 0.980678,
            "p(90)": 0.011261,
            "p(95)": 0.014260049999999977,
            "avg": 0.010364139930555535,
            "min": 0.003777,
            "med": 0.006733
        },
        "http_reqs": {
            "count": 2880,
            "rate": 9.599962743888586
        },
        "iterations": {
            "rate": 9.599962743888586,
            "count": 2880
        },
        "http_req_tls_handshaking": {
            "avg": 0,
            "min": 0,
            "med": 0,
            "max": 0,
            "p(90)": 0,
            "p(95)": 0
        },
        "data_sent": {
            "count": 361088,
            "rate": 1203.6219955782087
        }
    },
    "root_group": {
        "id": "d41d8cd98f00b204e9800998ecf8427e",
        "groups": {},
        "checks": {
                "http://0.0.0.0:80/drip?numbytes=5000&status=200&duration=0&delay=0": {
                    "passes": 2880,
                    "fails": 0,
                    "name": "http://0.0.0.0:80/drip?numbytes=5000&status=200&duration=0&delay=0",
                    "path": "::http://0.0.0.0:80/drip?numbytes=5000&status=200&duration=0&delay=0",
                    "id": "acb042c20c90012ea1834f4e00746b74"
                }
            },
        "name": "",
        "path": ""
    }
}