{
    "metrics": {
        "iteration_duration": {
            "max": 27103.829199,
            "p(90)": 26615.2414319,
            "p(95)": 27077.36632935,
            "avg": 26139.744918814555,
            "min": 22636.277667,
            "med": 26436.8884225
        },
        "vus_max": {
            "value": 250,
            "min": 250,
            "max": 250
        },
        "http_req_receiving": {
            "avg": 26110.096974720425,
            "min": 22573.875649,
            "med": 26404.130021,
            "max": 27097.388448,
            "p(90)": 26602.3735945,
            "p(95)": 27054.54817265
        },
        "iterations": {
            "count": 2750,
            "rate": 9.166573874875427
        },
        "http_req_connecting": {
            "p(90)": 0,
            "p(95)": 27.942576349987494,
            "avg": 3.3735716341818156,
            "min": 0,
            "med": 0,
            "max": 109.750066
        },
        "data_received": {
            "count": 15052329,
            "rate": 50173.92209724719
        },
        "http_req_failed": {
            "passes": 0,
            "fails": 2750,
            "value": 0
        },
        "http_req_blocked": {
            "avg": 3.6802116141818106,
            "min": 0.00049,
            "med": 0.001242,
            "max": 110.923165,
            "p(90)": 0.004027,
            "p(95)": 49.36860435
        },
        "checks": {
            "fails": 0,
            "passes": 2750,
            "value": 1
        },
        "http_req_duration{expected_response:true}": {
            "p(95)": 27077.3062208,
            "avg": 26135.5555473979,
            "min": 22635.979788,
            "med": 26436.8100685,
            "max": 27103.714334,
            "p(90)": 26615.172025
        },
        "http_req_waiting": {
            "avg": 25.289307162545494,
            "min": 2.729177,
            "med": 21.670836,
            "max": 74.093184,
            "p(90)": 45.122809999999994,
            "p(95)": 48.79444875
        },
        "http_req_sending": {
            "min": 0.003627,
            "med": 0.007213499999999999,
            "max": 60.521781,
            "p(90)": 0.02141199999999998,
            "p(95)": 0.28967864999999954,
            "avg": 0.16926551490909086
        },
        "vus": {
            "value": 250,
            "min": 250,
            "max": 250
        },
        "data_sent": {
            "count": 372000,
            "rate": 1239.9874478013305
        },
        "http_req_duration": {
            "p(90)": 26615.172025,
            "p(95)": 27077.3062208,
            "avg": 26135.5555473979,
            "min": 22635.979788,
            "med": 26436.8100685,
            "max": 27103.714334
        },
        "http_reqs": {
            "count": 2750,
            "rate": 9.166573874875427
        },
        "http_req_tls_handshaking": {
            "p(90)": 0,
            "p(95)": 0,
            "avg": 0,
            "min": 0,
            "med": 0,
            "max": 0
        }
    },
    "root_group": {
        "checks": {
            "http://0.0.0.0:80/drip?numbytes=5000&status=200&duration=0&delay=0": {
                "name": "http://0.0.0.0:80/drip?numbytes=5000&status=200&duration=0&delay=0",
                "path": "::http://0.0.0.0:80/drip?numbytes=5000&status=200&duration=0&delay=0",
                "id": "acb042c20c90012ea1834f4e00746b74",
                "passes": 2750,
                "fails": 0
            }
        },
        "name": "",
        "path": "",
        "id": "d41d8cd98f00b204e9800998ecf8427e",
        "groups": {}
    }
}