{
    "metrics": {
        "vus_max": {
            "value": 250,
            "min": 250,
            "max": 250
        },
        "http_req_blocked": {
            "avg": 9.259034545454544,
            "min": 0,
            "med": 0,
            "max": 516.6412,
            "p(90)": 0,
            "p(95)": 5.587019999999968
        },
        "http_req_tls_handshaking": {
            "med": 0,
            "max": 0,
            "p(90)": 0,
            "p(95)": 0,
            "avg": 0,
            "min": 0
        },
        "http_req_receiving": {
            "avg": 26252.685660327283,
            "min": 22040.8101,
            "med": 26454.2739,
            "max": 26916.2629,
            "p(90)": 26794.5999,
            "p(95)": 26877.6445
        },
        "data_sent": {
            "count": 372000,
            "rate": 1239.9806968071657
        },
        "http_req_duration": {
            "p(95)": 26917.641865,
            "avg": 26290.557846872915,
            "min": 22051.0448,
            "med": 26494.8339,
            "max": 26922.2625,
            "p(90)": 26810.0581
        },
        "iterations": {
            "count": 2750,
            "rate": 9.166523968332543
        },
        "checks": {
            "passes": 2750,
            "fails": 0,
            "value": 1
        },
        "http_req_duration{expected_response:true}": {
            "avg": 26290.557846872915,
            "min": 22051.0448,
            "med": 26494.8339,
            "max": 26922.2625,
            "p(90)": 26810.0581,
            "p(95)": 26917.641865
        },
        "vus": {
            "min": 250,
            "max": 250,
            "value": 250
        },
        "http_req_connecting": {
            "avg": 9.236843418181815,
            "min": 0,
            "med": 0,
            "max": 515.6256,
            "p(90)": 0,
            "p(95)": 5.3558
        },
        "http_req_waiting": {
            "avg": 37.80977367272726,
            "min": 3.9995,
            "med": 38.183800000000005,
            "max": 104.7804,
            "p(90)": 64.96372,
            "p(95)": 69.728045
        },
        "http_req_failed": {
            "passes": 0,
            "fails": 2750,
            "value": 0
        },
        "http_req_sending": {
            "avg": 0.06241287272727277,
            "min": 0,
            "med": 0,
            "max": 13.6394,
            "p(90)": 0,
            "p(95)": 0
        },
        "data_received": {
            "count": 14941614,
            "rate": 49804.60467511749
        },
        "iteration_duration": {
            "max": 26922.2625,
            "p(90)": 26810.1474,
            "p(95)": 26917.642,
            "avg": 26299.904077818366,
            "min": 22058.9415,
            "med": 26495.0157
        },
        "http_reqs": {
            "count": 2750,
            "rate": 9.166523968332543
        }
    },
    "root_group": {
        "name": "",
        "path": "",
        "id": "d41d8cd98f00b204e9800998ecf8427e",
        "groups": {},
        "checks": {
                "http://0.0.0.0:80/drip?numbytes=5000&status=200&duration=0&delay=0": {
                    "passes": 2750,
                    "fails": 0,
                    "name": "http://0.0.0.0:80/drip?numbytes=5000&status=200&duration=0&delay=0",
                    "path": "::http://0.0.0.0:80/drip?numbytes=5000&status=200&duration=0&delay=0",
                    "id": "acb042c20c90012ea1834f4e00746b74"
                }
            }
    }
}