{
    "root_group": {
        "name": "",
        "path": "",
        "id": "d41d8cd98f00b204e9800998ecf8427e",
        "groups": {},
        "checks": {}
    },
    "metrics": {
        "http_req_blocked": {
            "min": 0.000431,
            "med": 0.001353,
            "max": 1334.676484,
            "p(90)": 0.002134,
            "p(95)": 0.002795,
            "avg": 2.210429198656368
        },
        "http_req_receiving": {
            "avg": 1467.2180890929315,
            "min": 0.008095,
            "med": 5.292824,
            "max": 59852.757724,
            "p(90)": 3985.948077,
            "p(95)": 10688.4229515
        },
        "http_req_duration": {
            "avg": 1637.2417574662368,
            "min": 94.589998,
            "med": 128.440962,
            "max": 59952.239166,
            "p(90)": 4168.281239,
            "p(95)": 10857.74023
        },
        "iteration_duration": {
            "p(90)": 19690.800917499997,
            "p(95)": 25483.283309700004,
            "avg": 8354.717290613045,
            "min": 596.522398,
            "med": 5064.0139555000005,
            "max": 60414.175825
        },
        "http_reqs": {
            "count": 89451,
            "rate": 298.1620867493953
        },
        "data_sent": {
            "count": 8256385,
            "rate": 27520.552935198113
        },
        "http_req_connecting": {
            "p(95)": 0,
            "avg": 1.252072357581246,
            "min": 0,
            "med": 0,
            "max": 1238.052604,
            "p(90)": 0
        },
        "http_req_duration{expected_response:true}": {
            "p(95)": 10859.9077663,
            "avg": 1638.0206454257077,
            "min": 94.589998,
            "med": 128.42918600000002,
            "max": 59952.239166,
            "p(90)": 4171.631644400001
        },
        "http_req_waiting": {
            "p(95)": 628.097036,
            "avg": 170.00951746413,
            "min": 94.381182,
            "med": 111.496226,
            "max": 2332.216916,
            "p(90)": 245.884632
        },
        "vus_max": {
            "value": 500,
            "min": 500,
            "max": 500
        },
        "vus": {
            "max": 500,
            "value": 500,
            "min": 500
        },
        "iterations": {
            "count": 17512,
            "rate": 58.37178414053964
        },
        "nova_metrica": {
            "avg": 1668.5761864579904,
            "min": 94.589998,
            "med": 128.62499300000002,
            "max": 59952.239166,
            "p(90)": 4319.186587500011,
            "p(95)": 11084.25323435
        },
        "data_received": {
            "count": 977429531,
            "rate": 3258011.9687140756
        },
        "http_req_tls_handshaking": {
            "max": 0,
            "p(90)": 0,
            "p(95)": 0,
            "avg": 0,
            "min": 0,
            "med": 0
        },
        "http_req_sending": {
            "avg": 0.014150909179327133,
            "min": 0.002585,
            "med": 0.007363,
            "max": 19.963177,
            "p(90)": 0.015539,
            "p(95)": 0.02659
        },
        "http_req_failed": {
            "passes": 51,
            "fails": 89400,
            "value": 0.0005701445484119797
        }
    }
}