{
    "metrics": {
        "http_req_sending": {
            "avg": 0.013700486912742295,
            "min": 0.002685,
            "med": 0.006512,
            "max": 15.085871,
            "p(90)": 0.01368590000000001,
            "p(95)": 0.026259
        },
        "data_sent": {
            "count": 6895743,
            "rate": 22985.50978863182
        },
        "http_req_blocked": {
            "p(90)": 0.001904,
            "p(95)": 0.002395,
            "avg": 1.546453030407914,
            "min": 0.000411,
            "med": 0.001203,
            "max": 1230.623778
        },
        "http_req_tls_handshaking": {
            "avg": 0,
            "min": 0,
            "med": 0,
            "max": 0,
            "p(90)": 0,
            "p(95)": 0
        },
        "vus": {
            "value": 250,
            "min": 250,
            "max": 250
        },
        "http_req_duration{expected_response:true}": {
            "max": 59971.799367,
            "p(90)": 1653.4202336999995,
            "p(95)": 4004.9709235999976,
            "avg": 970.2028964781408,
            "min": 94.542569,
            "med": 121.05998600000001
        },
        "http_req_receiving": {
            "p(95)": 3768.826581999995,
            "avg": 792.9991144745132,
            "min": 0.007564,
            "med": 3.9835665000000002,
            "max": 59898.031509,
            "p(90)": 1424.1151895000016
        },
        "http_req_failed": {
            "passes": 88,
            "fails": 74794,
            "value": 0.0011751822867978954
        },
        "nova_metrica": {
            "p(90)": 1682.6649930000021,
            "p(95)": 4056.0944075000075,
            "avg": 987.5674925571229,
            "min": 94.542569,
            "med": 121.26915650000001,
            "max": 60000.282718
        },
        "data_received": {
            "rate": 2717581.5492815347,
            "count": 815285113
        },
        "vus_max": {
            "min": 250,
            "max": 250,
            "value": 250
        },
        "iterations": {
            "count": 14800,
            "rate": 49.33268900417996
        },
        "iteration_duration": {
            "med": 2488.4429845,
            "max": 61733.031533,
            "p(90)": 11211.228067100003,
            "p(95)": 18420.13864769997,
            "avg": 4946.158514360636,
            "min": 577.977654
        },
        "http_reqs": {
            "count": 74882,
            "rate": 249.60340662236513
        },
        "http_req_connecting": {
            "p(90)": 0,
            "p(95)": 0,
            "avg": 1.111429068961833,
            "min": 0,
            "med": 0,
            "max": 1135.199309
        },
        "http_req_duration": {
            "avg": 978.216593899657,
            "min": 94.542569,
            "med": 121.1054875,
            "max": 60000.282718,
            "p(90)": 1654.4032884000026,
            "p(95)": 4009.8250366499974
        },
        "http_req_waiting": {
            "p(90)": 457.91763930000053,
            "p(95)": 645.2864968999999,
            "avg": 185.2037789382233,
            "min": 94.516056,
            "med": 106.6698025,
            "max": 3046.984467
        }
    },
    "root_group": {
        "checks": {},
        "name": "",
        "path": "",
        "id": "d41d8cd98f00b204e9800998ecf8427e",
        "groups": {}
    }
}