{
    "metrics": {
        "data_sent": {
            "count": 45845043,
            "rate": 152816.06798680968
        },
        "vus_max": {
            "value": 32,
            "min": 32,
            "max": 32
        },
        "http_req_duration{expected_response:true}": {
            "p(90)": 16.580872,
            "p(95)": 16.695300500000002,
            "avg": 16.495349133512065,
            "min": 1.038308,
            "med": 16.409083,
            "max": 140.424727
        },
        "http_req_tls_handshaking": {
            "p(95)": 0,
            "avg": 0,
            "min": 0,
            "med": 0,
            "max": 0,
            "p(90)": 0
        },
        "checks": {
            "passes": 580286,
            "fails": 0,
            "value": 1
        },
        "iterations": {
            "count": 580286,
            "rate": 1934.2772745963798
        },
        "http_req_sending": {
            "p(90)": 0.00539,
            "p(95)": 0.005791,
            "avg": 0.004567898712016236,
            "min": 0.003036,
            "med": 0.004258,
            "max": 0.519367
        },
        "http_req_blocked": {
            "avg": 0.0009753782858798063,
            "min": 0.000601,
            "med": 0.000862,
            "max": 0.649815,
            "p(90)": 0.001182,
            "p(95)": 0.001403
        },
        "http_req_connecting": {
            "p(90)": 0,
            "p(95)": 0,
            "avg": 0.000010078326893979864,
            "min": 0,
            "med": 0,
            "max": 0.586176
        },
        "iteration_duration": {
            "p(95)": 16.741322250000003,
            "avg": 16.539331535217293,
            "min": 1.093691,
            "med": 16.452807999999997,
            "max": 140.466172,
            "p(90)": 16.6252485
        },
        "http_reqs": {
            "count": 580286,
            "rate": 1934.2772745963798
        },
        "http_req_duration": {
            "avg": 16.495349133512065,
            "min": 1.038308,
            "med": 16.409083,
            "max": 140.424727,
            "p(90)": 16.580872,
            "p(95)": 16.695300500000002
        },
        "data_received": {
            "count": 234435544,
            "rate": 781448.0189369374
        },
        "vus": {
            "value": 32,
            "min": 32,
            "max": 32
        },
        "http_req_waiting": {
            "max": 140.387314,
            "p(90)": 16.54713,
            "p(95)": 16.6604395,
            "avg": 16.4621701574857,
            "min": 0.9938,
            "med": 16.375992500000002
        },
        "http_req_receiving": {
            "max": 1.513374,
            "p(90)": 0.03773,
            "p(95)": 0.039955,
            "avg": 0.028611077313601657,
            "min": 0.010008,
            "med": 0.02665
        },
        "http_req_failed": {
            "passes": 0,
            "fails": 580286,
            "value": 0
        }
    },
    "root_group": {
        "name": "",
        "path": "",
        "id": "d41d8cd98f00b204e9800998ecf8427e",
        "groups": {},
        "checks": {
                "http://0.0.0.0:80/get": {
                    "name": "http://0.0.0.0:80/get",
                    "path": "::http://0.0.0.0:80/get",
                    "id": "adaf277edf61b8d2f264c94471775f7c",
                    "passes": 580286,
                    "fails": 0
                }
            }
    }
}