{
    "metrics": {
        "vus": {
            "value": 32,
            "min": 32,
            "max": 32
        },
        "http_req_receiving": {
            "avg": 0.1342558951518527,
            "min": 0.0278,
            "med": 0.1205,
            "max": 21.163,
            "p(90)": 0.181,
            "p(95)": 0.2112
        },
        "vus_max": {
            "value": 32,
            "min": 32,
            "max": 32
        },
        "http_req_duration": {
            "p(90)": 86.10416000000001,
            "p(95)": 111.47291999999993,
            "avg": 65.20953763534983,
            "min": 2.2796,
            "med": 56.1206,
            "max": 366.2357
        },
        "http_req_waiting": {
            "p(95)": 111.16575999999993,
            "avg": 65.03965656891644,
            "min": 2.0445,
            "med": 55.9735,
            "max": 365.9507,
            "p(90)": 85.86828000000001
        },
        "http_reqs": {
            "count": 88013,
            "rate": 488.9533946116218
        },
        "http_req_tls_handshaking": {
            "min": 0,
            "med": 0,
            "max": 0,
            "p(90)": 0,
            "p(95)": 0,
            "avg": 0
        },
        "http_req_failed": {
            "passes": 0,
            "fails": 88013,
            "value": 0
        },
        "iterations": {
            "count": 88012,
            "rate": 488.9478391437408
        },
        "iteration_duration": {
            "avg": 65.4160734604376,
            "min": 2.4774,
            "med": 56.30459999999999,
            "max": 366.6667,
            "p(90)": 86.36352000000004,
            "p(95)": 111.80156499999997
        },
        "http_req_sending": {
            "max": 2.9557,
            "p(90)": 0.0631,
            "p(95)": 0.07443999999999941,
            "avg": 0.03562517128151518,
            "min": 0.0081,
            "med": 0.0259
        },
        "http_req_duration{expected_response:true}": {
            "min": 2.2796,
            "med": 56.1206,
            "max": 366.2357,
            "p(90)": 86.10416000000001,
            "p(95)": 111.47291999999993,
            "avg": 65.20953763534983
        },
        "data_received": {
            "count": 35557252,
            "rate": 197537.1714230952
        },
        "data_sent": {
            "count": 6955476,
            "rate": 38640.92351515872
        },
        "checks": {
            "passes": 88012,
            "fails": 0,
            "value": 1
        },
        "http_req_blocked": {
            "max": 4.6427,
            "p(90)": 0.0056,
            "p(95)": 0.0068,
            "avg": 0.004698148000862951,
            "min": 0.0018,
            "med": 0.0037
        },
        "http_req_connecting": {
            "avg": 0.00023706157044981992,
            "min": 0,
            "med": 0,
            "max": 2.162,
            "p(90)": 0,
            "p(95)": 0
        }
    },
    "root_group": {
        "name": "",
        "path": "",
        "id": "d41d8cd98f00b204e9800998ecf8427e",
        "groups": {},
        "checks": {
                "http://0.0.0.0:80/get": {
                    "name": "http://0.0.0.0:80/get",
                    "path": "::http://0.0.0.0:80/get",
                    "id": "adaf277edf61b8d2f264c94471775f7c",
                    "passes": 88012,
                    "fails": 0
                }
            }
    }
}