{
    "metrics": {
        "iterations": {
            "count": 89326,
            "rate": 496.2329576580338
        },
        "iteration_duration": {
            "avg": 503.0751549705593,
            "min": 2.2743,
            "med": 456.75095,
            "max": 2500.1476,
            "p(90)": 627.8286,
            "p(95)": 706.4649
        },
        "http_reqs": {
            "count": 89326,
            "rate": 496.2329576580338
        },
        "vus_max": {
            "value": 250,
            "min": 250,
            "max": 250
        },
        "http_req_duration{expected_response:true}": {
            "p(95)": 706.23405,
            "avg": 502.86511336787976,
            "min": 2.1169,
            "med": 456.5576,
            "max": 2499.8575,
            "p(90)": 627.5997500000001
        },
        "http_req_blocked": {
            "max": 96.2128,
            "p(90)": 0.0054,
            "p(95)": 0.0067,
            "avg": 0.012418515325887091,
            "min": 0.0018,
            "med": 0.0037
        },
        "http_req_waiting": {
            "p(90)": 627.40885,
            "p(95)": 706.07035,
            "avg": 502.6930140530125,
            "min": 2.018,
            "med": 456.3999,
            "max": 2499.6865
        },
        "http_req_sending": {
            "p(95)": 0.0681,
            "avg": 0.042632313100328924,
            "min": 0.0086,
            "med": 0.0263,
            "max": 16.8304,
            "p(90)": 0.0581
        },
        "http_req_duration": {
            "avg": 502.86511336787976,
            "min": 2.1169,
            "med": 456.5576,
            "max": 2499.8575,
            "p(90)": 627.5997500000001,
            "p(95)": 706.23405
        },
        "data_sent": {
            "count": 7076504,
            "rate": 39312.12088080633
        },
        "data_received": {
            "count": 36087704,
            "rate": 200478.11489384563
        },
        "http_req_failed": {
            "passes": 0,
            "fails": 89326,
            "value": 0
        },
        "checks": {
            "passes": 89326,
            "fails": 0,
            "value": 1
        },
        "http_req_receiving": {
            "min": 0.0263,
            "med": 0.1187,
            "max": 19.6893,
            "p(90)": 0.1719,
            "p(95)": 0.1967,
            "avg": 0.12946700176880271
        },
        "vus": {
            "value": 250,
            "min": 250,
            "max": 250
        },
        "http_req_connecting": {
            "p(90)": 0,
            "p(95)": 0,
            "avg": 0.007528269484808455,
            "min": 0,
            "med": 0,
            "max": 96.1111
        },
        "http_req_tls_handshaking": {
            "p(90)": 0,
            "p(95)": 0,
            "avg": 0,
            "min": 0,
            "med": 0,
            "max": 0
        }
    },
    "root_group": {
        "path": "",
        "id": "d41d8cd98f00b204e9800998ecf8427e",
        "groups": {},
        "checks": {
                "http://0.0.0.0:80/get": {
                    "name": "http://0.0.0.0:80/get",
                    "path": "::http://0.0.0.0:80/get",
                    "id": "adaf277edf61b8d2f264c94471775f7c",
                    "passes": 89326,
                    "fails": 0
                }
            },
        "name": ""
    }
}