{
    "metrics": {
        "vus_max": {
            "value": 500,
            "min": 500,
            "max": 500
        },
        "data_received": {
            "count": 199281445,
            "rate": 664255.0855322918
        },
        "iterations": {
            "count": 489635,
            "rate": 1632.0763772292182
        },
        "checks": {
            "passes": 489635,
            "fails": 0,
            "value": 1
        },
        "http_req_duration{expected_response:true}": {
            "med": 304.688,
            "max": 1423.6999,
            "p(90)": 316.03024,
            "p(95)": 319.21693,
            "avg": 305.7967677670031,
            "min": 0.9312
        },
        "data_sent": {
            "count": 38720586,
            "rate": 129065.43389069897
        },
        "iteration_duration": {
            "max": 1965.249,
            "p(90)": 316.0971,
            "p(95)": 319.27592999999996,
            "avg": 306.15984625995964,
            "min": 0.9312,
            "med": 304.7371
        },
        "http_req_failed": {
            "passes": 0,
            "fails": 489635,
            "value": 0
        },
        "http_req_tls_handshaking": {
            "avg": 0,
            "min": 0,
            "med": 0,
            "max": 0,
            "p(90)": 0,
            "p(95)": 0
        },
        "http_req_sending": {
            "min": 0,
            "med": 0,
            "max": 26.6362,
            "p(90)": 0,
            "p(95)": 0,
            "avg": 0.007413257834917855
        },
        "vus": {
            "max": 500,
            "value": 425,
            "min": 425
        },
        "http_reqs": {
            "count": 489635,
            "rate": 1632.0763772292182
        },
        "http_req_duration": {
            "min": 0.9312,
            "med": 304.688,
            "max": 1423.6999,
            "p(90)": 316.03024,
            "p(95)": 319.21693,
            "avg": 305.7967677670031
        },
        "http_req_waiting": {
            "avg": 305.7617223674674,
            "min": 0.9312,
            "med": 304.6502,
            "max": 1423.6999,
            "p(90)": 315.99422000000004,
            "p(95)": 319.18126
        },
        "http_req_receiving": {
            "max": 8.9273,
            "p(90)": 0,
            "p(95)": 0.0521,
            "avg": 0.027632141697386828,
            "min": 0,
            "med": 0
        },
        "http_req_blocked": {
            "p(90)": 0,
            "p(95)": 0,
            "avg": 0.3122967545212237,
            "min": 0,
            "med": 0,
            "max": 538.4805
        },
        "http_req_connecting": {
            "p(90)": 0,
            "p(95)": 0,
            "avg": 0.31092593768827753,
            "min": 0,
            "med": 0,
            "max": 536.585
        }
    },
    "root_group": {
        "name": "",
        "path": "",
        "id": "d41d8cd98f00b204e9800998ecf8427e",
        "groups": {},
        "checks": {
                "http://0.0.0.0:80/get": {
                    "name": "http://0.0.0.0:80/get",
                    "path": "::http://0.0.0.0:80/get",
                    "id": "adaf277edf61b8d2f264c94471775f7c",
                    "passes": 489635,
                    "fails": 0
                }
            }
    }
}