{
    "metrics": {
        "http_req_sending": {
            "p(90)": 0,
            "p(95)": 0,
            "avg": 0.015109307065217409,
            "min": 0,
            "med": 0,
            "max": 1.0016
        },
        "data_received": {
            "count": 15479639,
            "rate": 51598.27282380154
        },
        "http_reqs": {
            "count": 2944,
            "rate": 9.813233706113673
        },
        "http_req_duration{expected_response:true}": {
            "avg": 3250.060874626348,
            "min": 3102.0001,
            "med": 3264.9373,
            "max": 3338.3671,
            "p(90)": 3297.0369,
            "p(95)": 3302.3054
        },
        "data_sent": {
            "count": 369024,
            "rate": 1230.0675119445964
        },
        "iterations": {
            "rate": 9.813233706113673,
            "count": 2944
        },
        "iteration_duration": {
            "avg": 3250.1849521059667,
            "min": 3102.0001,
            "med": 3264.9414,
            "max": 3338.3671,
            "p(90)": 3297.0369,
            "p(95)": 3302.8112
        },
        "http_req_waiting": {
            "avg": 6.239726086956522,
            "min": 0,
            "med": 6.3747,
            "max": 22.6925,
            "p(90)": 10.148090000000002,
            "p(95)": 11.357304999999995
        },
        "http_req_receiving": {
            "med": 3258.1139,
            "max": 3335.6907,
            "p(90)": 3290.64735,
            "p(95)": 3296.560565,
            "avg": 3243.8060392323277,
            "min": 3090.0003
        },
        "http_req_failed": {
            "passes": 0,
            "fails": 2944,
            "value": 0
        },
        "vus_max": {
            "value": 32,
            "min": 32,
            "max": 32
        },
        "http_req_tls_handshaking": {
            "max": 0,
            "p(90)": 0,
            "p(95)": 0,
            "avg": 0,
            "min": 0,
            "med": 0
        },
        "checks": {
            "passes": 2944,
            "fails": 0,
            "value": 1
        },
        "vus": {
            "value": 32,
            "min": 32,
            "max": 32
        },
        "http_req_connecting": {
            "avg": 0.04418858695652175,
            "min": 0,
            "med": 0,
            "max": 4.1324,
            "p(90)": 0,
            "p(95)": 0
        },
        "http_req_blocked": {
            "max": 4.1324,
            "p(90)": 0,
            "p(95)": 0,
            "avg": 0.046711209239130455,
            "min": 0,
            "med": 0
        },
        "http_req_duration": {
            "max": 3338.3671,
            "p(90)": 3297.0369,
            "p(95)": 3302.3054,
            "avg": 3250.060874626348,
            "min": 3102.0001,
            "med": 3264.9373
        }
    },
    "root_group": {
        "name": "",
        "path": "",
        "id": "d41d8cd98f00b204e9800998ecf8427e",
        "groups": {},
        "checks": {
                "http://0.0.0.0:80/drip?numbytes=5000&status=200&duration=0&delay=0": {
                    "name": "http://0.0.0.0:80/drip?numbytes=5000&status=200&duration=0&delay=0",
                    "path": "::http://0.0.0.0:80/drip?numbytes=5000&status=200&duration=0&delay=0",
                    "id": "acb042c20c90012ea1834f4e00746b74",
                    "passes": 2944,
                    "fails": 0
                }
            }
    }
}