{
    "metrics": {
        "http_req_connecting": {
            "avg": 2.601000937200002,
            "min": 0,
            "med": 0,
            "max": 77.152444,
            "p(90)": 0.14735129999999996,
            "p(95)": 0.9044963999999974
        },
        "http_req_duration": {
            "p(95)": 54894.75323145,
            "avg": 53002.52519371155,
            "min": 51232.190938,
            "med": 52577.6047375,
            "max": 54896.570941,
            "p(90)": 54893.2789632
        },
        "iterations": {
            "count": 2500,
            "rate": 8.333227505899506
        },
        "http_req_blocked": {
            "avg": 2.658240613199996,
            "min": 0.000521,
            "med": 0.001303,
            "max": 77.209431,
            "p(90)": 0.29407579999999994,
            "p(95)": 1.2296356499999948
        },
        "checks": {
            "passes": 2500,
            "fails": 0,
            "value": 1
        },
        "data_received": {
            "count": 14843358,
            "rate": 49477.23166620539
        },
        "iteration_duration": {
            "avg": 53005.37106448958,
            "min": 51232.664625,
            "med": 52577.683663,
            "max": 54896.630713,
            "p(90)": 54893.3342012,
            "p(95)": 54894.82039055
        },
        "http_req_duration{expected_response:true}": {
            "avg": 53002.52519371155,
            "min": 51232.190938,
            "med": 52577.6047375,
            "max": 54896.570941,
            "p(90)": 54893.2789632,
            "p(95)": 54894.75323145
        },
        "data_sent": {
            "count": 372000,
            "rate": 1239.9842528778465
        },
        "http_req_tls_handshaking": {
            "med": 0,
            "max": 0,
            "p(90)": 0,
            "p(95)": 0,
            "avg": 0,
            "min": 0
        },
        "http_req_waiting": {
            "avg": 45.96758508920003,
            "min": 1.885726,
            "med": 40.955336,
            "max": 104.425306,
            "p(90)": 83.1478319,
            "p(95)": 89.32504359999999
        },
        "http_reqs": {
            "count": 2500,
            "rate": 8.333227505899506
        },
        "http_req_receiving": {
            "max": 54881.886175,
            "p(90)": 54852.7137995,
            "p(95)": 54865.122990200005,
            "avg": 52956.391885135956,
            "min": 51164.88891,
            "med": 52540.8165375
        },
        "http_req_failed": {
            "passes": 0,
            "fails": 2500,
            "value": 0
        },
        "http_req_sending": {
            "avg": 0.16572348639999934,
            "min": 0.003537,
            "med": 0.007324,
            "max": 65.675042,
            "p(90)": 0.24322399999999997,
            "p(95)": 0.6800555499999991
        },
        "vus": {
            "value": 500,
            "min": 500,
            "max": 500
        },
        "vus_max": {
            "min": 500,
            "max": 500,
            "value": 500
        }
    },
    "root_group": {
        "name": "",
        "path": "",
        "id": "d41d8cd98f00b204e9800998ecf8427e",
        "groups": {},
        "checks": {
                "http://0.0.0.0:80/drip?numbytes=5000&status=200&duration=0&delay=0": {
                    "path": "::http://0.0.0.0:80/drip?numbytes=5000&status=200&duration=0&delay=0",
                    "id": "acb042c20c90012ea1834f4e00746b74",
                    "passes": 2500,
                    "fails": 0,
                    "name": "http://0.0.0.0:80/drip?numbytes=5000&status=200&duration=0&delay=0"
                }
            }
    }
}