{
    "metrics": {
        "http_req_receiving": {
            "avg": 54847.601654480015,
            "min": 52777.2803,
            "med": 54503.3492,
            "max": 56235.0167,
            "p(90)": 56182.9684,
            "p(95)": 56201.706645
        },
        "http_req_duration": {
            "p(95)": 56248.1621,
            "avg": 54909.7104218804,
            "min": 52778.9649,
            "med": 54550.6103,
            "max": 56249.2347,
            "p(90)": 56228.3701
        },
        "vus_max": {
            "value": 500,
            "min": 500,
            "max": 500
        },
        "checks": {
            "passes": 2500,
            "fails": 0,
            "value": 1
        },
        "http_req_blocked": {
            "p(90)": 502.2013,
            "p(95)": 503.382515,
            "avg": 60.90039008000012,
            "min": 0,
            "med": 0,
            "max": 526.6435
        },
        "http_req_duration{expected_response:true}": {
            "p(90)": 56228.3701,
            "p(95)": 56248.1621,
            "avg": 54909.7104218804,
            "min": 52778.9649,
            "med": 54550.6103,
            "max": 56249.2347
        },
        "http_req_waiting": {
            "min": 1.6846,
            "med": 57.1187,
            "max": 121.7373,
            "p(90)": 106.76354999999998,
            "p(95)": 113.74116,
            "avg": 62.07497667999989
        },
        "iteration_duration": {
            "p(95)": 56248.1773,
            "avg": 54970.70805916043,
            "min": 52807.4308,
            "med": 54868.802500000005,
            "max": 56249.2347,
            "p(90)": 56228.4781
        },
        "http_req_sending": {
            "med": 0,
            "max": 1.0004,
            "p(90)": 0,
            "p(95)": 0.5216,
            "avg": 0.03379071999999996,
            "min": 0
        },
        "http_req_failed": {
            "passes": 0,
            "fails": 2500,
            "value": 0
        },
        "data_sent": {
            "count": 372000,
            "rate": 1239.9668726317086
        },
        "iterations": {
            "count": 2500,
            "rate": 8.333110703170085
        },
        "http_req_tls_handshaking": {
            "p(95)": 0,
            "avg": 0,
            "min": 0,
            "med": 0,
            "max": 0,
            "p(90)": 0
        },
        "data_received": {
            "count": 14349128,
            "rate": 47829.148847183016
        },
        "vus": {
            "value": 500,
            "min": 500,
            "max": 500
        },
        "http_reqs": {
            "count": 2500,
            "rate": 8.333110703170085
        },
        "http_req_connecting": {
            "min": 0,
            "med": 0,
            "max": 514.4725,
            "p(90)": 502.0865,
            "p(95)": 503.295525,
            "avg": 60.8703381200001
        }
    },
    "root_group": {
        "name": "",
        "path": "",
        "id": "d41d8cd98f00b204e9800998ecf8427e",
        "groups": {},
        "checks": {
                "http://0.0.0.0:80/drip?numbytes=5000&status=200&duration=0&delay=0": {
                    "name": "http://0.0.0.0:80/drip?numbytes=5000&status=200&duration=0&delay=0",
                    "path": "::http://0.0.0.0:80/drip?numbytes=5000&status=200&duration=0&delay=0",
                    "id": "acb042c20c90012ea1834f4e00746b74",
                    "passes": 2500,
                    "fails": 0
                }
            }
    }
}