{
    "metrics": {
        "nova_metrica": {
            "med": 104.128873,
            "max": 6000.608231,
            "p(90)": 508.9110196,
            "p(95)": 806.2255115999988,
            "avg": 237.37073927606033,
            "min": 94.503953
        },
        "http_req_duration": {
            "min": 94.503953,
            "med": 104.120395,
            "max": 6000.608231,
            "p(90)": 508.7085618000003,
            "p(95)": 805.5861588000005,
            "avg": 237.1912831340135
        },
        "http_req_waiting": {
            "max": 1894.381303,
            "p(90)": 239.36322700000036,
            "p(95)": 410.6310878,
            "avg": 137.67566987526303,
            "min": 94.226569,
            "med": 100.208982
        },
        "vus_max": {
            "value": 32,
            "min": 32,
            "max": 32
        },
        "http_req_blocked": {
            "avg": 0.15370105654120664,
            "min": 0.000461,
            "med": 0.001052,
            "max": 194.666464,
            "p(90)": 0.001563,
            "p(95)": 0.001924
        },
        "http_req_sending": {
            "avg": 0.009397434538391066,
            "min": 0.002695,
            "med": 0.005721,
            "max": 1.869992,
            "p(90)": 0.008706800000000002,
            "p(95)": 0.018134
        },
        "http_req_duration{expected_response:true}": {
            "p(90)": 508.69771820000045,
            "p(95)": 805.7365586999995,
            "avg": 237.18705492116845,
            "min": 94.503953,
            "med": 104.117692,
            "max": 6000.608231
        },
        "http_req_connecting": {
            "p(95)": 0,
            "avg": 0.07824742560562195,
            "min": 0,
            "med": 0,
            "max": 101.49185,
            "p(90)": 0
        },
        "data_received": {
            "count": 438517491,
            "rate": 1461720.066362821
        },
        "data_sent": {
            "count": 3712411,
            "rate": 12374.661820014077
        },
        "http_req_failed": {
            "passes": 9,
            "fails": 40404,
            "value": 0.00022270061613837133
        },
        "vus": {
            "value": 32,
            "min": 32,
            "max": 32
        },
        "iteration_duration": {
            "min": 592.109424,
            "med": 1044.144462,
            "max": 7243.786527,
            "p(90)": 1842.1799566000002,
            "p(95)": 2189.9149292999996,
            "avg": 1187.954225133258
        },
        "http_req_tls_handshaking": {
            "min": 0,
            "med": 0,
            "max": 0,
            "p(90)": 0,
            "p(95)": 0,
            "avg": 0
        },
        "iterations": {
            "count": 8067,
            "rate": 26.889909792329988
        },
        "http_reqs": {
            "rate": 134.70954808943,
            "count": 40413
        },
        "http_req_receiving": {
            "med": 2.632798,
            "max": 5856.056769,
            "p(90)": 336.0173616,
            "p(95)": 564.0856386000002,
            "avg": 99.50621582421418,
            "min": 0.008627
        }
    },
    "root_group": {
        "name": "",
        "path": "",
        "id": "d41d8cd98f00b204e9800998ecf8427e",
        "groups": {},
        "checks": {}
    }
}